{
	"axis_max" : 86.672839105129242,
	"axis_min" : -43.510339617729187,
	"bounding_polygon" : 
	[
		[ -1.5423831948594069, 7.4789739338528634, 0.0 ],
		[ -1.5423831948594069, 7.4789739338528634, 0.0 ],
		[ -1.5423831948594069, 7.4789739338528634, 0.0 ],
		[ 21.278218726895357, 22.227979836776306, 0.0 ],
		[ 27.075091883868446, 7.2588395173913227, 0.0 ],
		[ -0.58846735890181145, 3.4431762987245591, 0.0 ],
		[ -1.1021143474943647, 7.1854613785708104, 0.0 ]
	],
	"class_name" : "SelectionPolygonVolume",
	"orthogonal_axis" : "Z",
	"version_major" : 1,
	"version_minor" : 0
}