{
	"class_name" : "PinholeCameraParameters",
	"extrinsic" : 
	[
		0.63985300895950259,
		-0.016521676309777515,
		-0.76831969982383364,
		0.0,
		0.7666536215959302,
		0.082934360533303553,
		0.63668211560933319,
		0.0,
		0.053201047163707632,
		-0.99641804783677368,
		0.06573220311109311,
		0.0,
		-52.896902664523402,
		14.054536443098936,
		77.424141839843585,
		1.0
	],
	"intrinsic" : 
	{
		"height" : 1016,
		"intrinsic_matrix" : 
		[
			975.85892050135237,
			0.0,
			0.0,
			0.0,
			975.85892050135237,
			0.0,
			924.5,
			507.5,
			1.0
		],
		"width" : 1850
	},
	"version_major" : 1,
	"version_minor" : 0
}