{
	"class_name" : "PinholeCameraParameters",
	"extrinsic" : 
	[
		0.24087117499388119,
		-0.13049916637344325,
		0.96174375206335683,
		0.0,
		-0.93389706433900443,
		0.23860951752130505,
		0.26627386534776454,
		0.0,
		-0.2642297301138849,
		-0.96230736551482687,
		-0.064398633524766186,
		0.0,
		19.768759587249363,
		15.31451840116998,
		22.872875745887168,
		1.0
	],
	"intrinsic" : 
	{
		"height" : 1016,
		"intrinsic_matrix" : 
		[
			879.88181024498977,
			0.0,
			0.0,
			0.0,
			879.88181024498977,
			0.0,
			924.5,
			507.5,
			1.0
		],
		"width" : 1850
	},
	"version_major" : 1,
	"version_minor" : 0
}